{"id": 1, "timestamp": 1573656023.2880201, "level": 829.6341732825889, "volume": 8757.148256796578, "water": 0.2118404489288362, "temperature": 19.830467751771792, "density": 985.3940565927821}